zl-code,Zila Name,upz-code,Upazila Name,Male Literacy Rate,Female Literacy Rate,Students per Teacher in Govt. Primary Schhol (),Students per Teacher in Registered Primary School,Students per Teacher in Kindargarten School,Students per Teacher in Govt. Secondary School,Students per Teacher in Non Govt. Secondary School,Students per Teacher in Govt. College,Students per Teacher in Non Govt. College,Literacy Rate
79,PIROJPUR,7980,PIROJPUR SADAR,70.8,69.8,29,54,13,70,26,102,21,70.3
6,BARISAL,651,BARISAL SADAR,70.5,68.1,43,61,14,0,19,0,15,69.3
6,BARISAL,603,BABUGANJ,69.5,68.2,29,31,13,0,33,0,15,68.8
42,JHALOKATI,4240,JHALOKATI SADAR,69.9,67.8,38,25,17,36,32,62,27,68.8
79,PIROJPUR,7987,NESARABAD (SWARUPKATI),68.9,68.2,33,54,18,0,15,90,21,68.6
26,DHAKA,2672,SAVAR,71.6,63.9,67,88,78,31,53,31,31,68
79,PIROJPUR,7914,BHANDARIA,67.6,67.9,36,31,18,40,20,63,19,67.7
6,BARISAL,610,BANARI PARA,67.8,66.7,35,40,10,0,27,28,17,67.2
42,JHALOKATI,4273,NALCHITY,67.5,67,35,28,16,0,27,0,6,67.2
78,PATUAKHALI,7855,DUMKI,68.9,64.2,34,40,10,0,36,0,10,66.4
10,BOGRA,1020,BOGRA SADAR,68.6,62.6,37,46,23,25,30,29,153,65.7
19,COMILLA,1967,COMILLA ADARSHA,67.3,64.2,73,101,35,32,34,149,38,65.7
75,NOAKHALI,7510,CHATKHIL,63.8,67,50,61,17,37,48,61,21,65.6
65,NARAIL,6576,NARAIL SADAR,68.4,62.7,34,32,28,26,26,15,13,65.5
38,JOYPURHAT,3847,JOYPURHAT SADAR,69,61.6,36,43,22,32,32,146,14,65.4
42,JHALOKATI,4243,KANTHALIA,66.6,64.1,29,26,8,0,25,0,34,65.3
44,JHENAIDAH,4419,JHENAIDAH SADAR,66,64,50,45,45,80,25,39,24,65
79,PIROJPUR,7947,KAWKHALI,65.1,64.2,27,36,8,73,30,0,14,64.6
84,RANGAMATI,8487,RANGAMATI SADAR,69.7,58.6,34,20,15,31,29,75,0,64.5
27,DINAJPUR,2764,DINAJPUR SADAR,67.3,61,37,41,27,10,24,257,28,64.3
51,LAKSHMIPUR,5158,ROYPUR,62.7,65.4,62,32,15,44,47,107,38,64.2
42,JHALOKATI,4284,RAJAPUR,65.1,62.9,36,26,12,0,19,0,15,63.9
41,JESSORE,4138,KESHABPUR,66.8,60.6,47,58,16,25,27,106,18,63.8
1,BAGERHAT,108,BAGERHAT SADAR,65,62.1,33,36,21,38,26,19,24,63.6
15,CHITTAGONG,1537,HATHAZARI,65,62,68,0,19,0,57,0,39,63.5
30,FENI,3014,CHHAGALNAIYA,65.3,61.6,37,38,15,0,35,107,32,63.4
6,BARISAL,607,BAKERGANJ,64.3,62.4,46,42,15,0,27,43,13,63.3
6,BARISAL,602,AGAILJHARA,65.4,60.6,46,36,9,0,25,0,33,62.9
30,FENI,3029,FENI SADAR,64.6,61.1,51,62,57,49,36,131,39,62.8
13,CHANDPUR,1395,SHAHRASTI,61.1,64,57,52,11,0,46,0,32,62.7
67,NARAYANGANJ,6758,NARAYANGANJ,65.3,60,159,92,11,24,46,148,76,62.7
6,BARISAL,694,WAZIRPUR,64,61.1,34,46,11,0,34,0,19,62.5
15,CHITTAGONG,1574,RAOZAN,62.8,61.9,59,45,11,0,41,0,36,62.3
1,BAGERHAT,134,FAKIRHAT,63.9,60.1,36,42,26,35,28,0,25,62
65,NARAIL,6552,LOHAGARA,63.3,60.6,54,54,20,0,41,0,18,61.9
4,BARGUNA,428,BARGUNA Sadar,66.4,57.3,64,63,17,25,25,57,12,61.8
35,GOPALGANJ,3532,GOPALGANJ SADAR,64.4,59.2,46,36,21,26,37,21,27,61.8
79,PIROJPUR,7958,MATHBARIA,61.7,61.7,42,32,18,0,21,39,26,61.7
79,PIROJPUR,7990,ZIANAGAR,59.9,62.4,42,36,19,0,27,0,18,61.2
4,BARGUNA,419,BAMNA,63,59.3,51,38,27,0,34,0,17,61.1
75,NOAKHALI,7583,SONAIMURI,60.2,61.7,52,58,18,0,49,0,30,61
85,RANGPUR,8549,RANGPUR SADAR,63.6,58.3,48,49,23,40,26,146,124,61
6,BARISAL,632,GAURNADI,62.6,59.3,52,44,18,0,45,219,26,60.9
1,BAGERHAT,160,MORRELGANJ,61.3,60.1,34,33,20,27,31,0,15,60.7
13,CHANDPUR,1349,HAJIGANJ,54.4,61.7,47,40,27,0,81,0,19,60.6
33,GAZIPUR,3330,GAZIPUR SADAR,65.2,55.6,62,72,18,26,21,87,75,60.6
33,GAZIPUR,3332,KALIAKAIR,65.2,55.6,43,54,22,0,49,0,31,60.6
4,BARGUNA,485,PATHARGHATA,60.3,60.6,32,34,14,0,33,0,29,60.5
4,BARGUNA,447,BETAGI,62.5,57.9,43,43,12,0,48,0,21,60.1
30,FENI,3041,FULGAZI,62,58.1,41,36,20,0,21,35,20,60
84,RANGAMATI,8436,KAPTAI,65.6,53.5,31,28,9,33,34,0,23,60
33,GAZIPUR,3334,KALIGANJ,60.1,59.5,37,43,12,33,36,0,19,59.8
41,JESSORE,4104,ABHAYNAGAR,62.9,56.7,40,44,24,0,29,0,19,59.8
77,PANCHAGARH,7704,ATWARI,65.7,65.7,33,36,21,0,28,0,16,59.8
91,SYLHET,9117,BEANI BAZAR,61.6,57.9,71,41,29,0,34,142,28,59.7
78,PATUAKHALI,7895,PATUAKHALI SADAR,62.7,56.5,43,48,21,39,30,68,24,59.5
78,PATUAKHALI,7876,MIRZAGANJ,62.2,56.7,31,31,21,0,27,0,16,59.4
75,NOAKHALI,7507,BEGUMGANJ,59.3,59.2,58,61,15,41,57,92,55,59.3
79,PIROJPUR,7976,NAZIRPUR,60.1,58.5,35,39,22,43,26,0,19,59.3
15,CHITTAGONG,1586,SITAKUNDA,62.2,55.9,59,75,22,52,37,9,25,59.2
35,GOPALGANJ,3543,KASHIANI,60.5,58,37,24,17,4,37,57,23,59.2
35,GOPALGANJ,3551,KOTALIPARA,62.1,56.4,46,41,21,0,38,68,16,59.2
47,KHULNA,4769,PHULTALA,62.8,52.9,43,50,19,20,82,0,31,59
1,BAGERHAT,177,SARANKHOLA,57.3,60.6,31,38,19,0,3,0,22,58.9
15,CHITTAGONG,1512,BOALKHALI,60.2,57.6,37,45,12,0,56,69,14,58.9
67,NARAYANGANJ,6706,BANDAR,61.1,56.6,63,57,23,0,38,0,31,58.9
19,COMILLA,1940,DEBIDWAR,54.4,51.4,57,32,18,0,52,47,49,58.8
30,FENI,3025,DAGANBHUIYAN,58.7,58.8,57,92,25,0,33,0,62,58.8
30,FENI,3051,PARSHURAM,60.1,57.5,43,50,12,0,36,13,0,58.8
68,NARSINGDI,6863,PALASH,60.1,57.2,52,77,18,0,34,0,8,58.6
26,DHAKA,2638,KERANIGANJ,60.8,56,64,73,45,18,49,18,18,58.5
47,KHULNA,4775,RUPSA,58.23,50.93,47,66,13,0,38,0,20,58.2
13,CHANDPUR,1345,FARIDGANJ,56.6,59.3,55,59,18,0,48,0,31,58.1
1,BAGERHAT,173,RAMPAL,59.6,59.4,35,28,26,0,26,0,10,58
26,DHAKA,2671,NAWABGANJ ,57.7,57.9,54,47,96,19,47,62,62,57.8
10,BOGRA,1085,SHAJAHANPUR,60.5,54.7,29,39,24,0,35,90,0,57.7
82,RAJBARI,8276,RAJBARI SADAR,59.7,55.8,62,76,9,0,45,97,21,57.7
91,SYLHET,9162,SYLHET SADAR,61.3,64.6,123,119,66,0,39,109,26,57.6
26,DHAKA,2618,DOHAR,56.9,58,82,102,33,23,45,42,42,57.5
59,MUNSHIGANJ,5984,SREENAGAR,56.8,57.7,55,48,12,46,44,52,18,57.3
1,BAGERHAT,158,MONGLA,58.9,55.3,56,44,17,0,28,0,15,57.2
59,MUNSHIGANJ,5924,GAZARIA,59.6,54.8,41,35,18,0,40,15,37,57.2
46,KHAGRACHHARI,4649,KHAGRACHHARI,63.2,50.4,36,39,23,30,30,38,0,57.1
57,MEHERPUR,5760,MUJIB NAGAR,60.2,54.2,51,61,20,0,42,0,30,57.1
59,MUNSHIGANJ,5994,TONGIBARI,56.6,57.6,58,67,21,0,54,0,38,57.1
78,PATUAKHALI,7838,BAUPHAL,59.5,55.1,54,56,41,0,36,0,19,57.1
19,COMILLA,1918,BURICHANG,58.4,55.8,42,66,29,43,36,0,28,57
93,TANGAIL,9395,TANGAIL SADAR,61.4,52.5,70,68,60,30,64,77,33,57
19,COMILLA,1931,CHAUDDAGRAM,57.1,56.8,50,45,26,0,45,147,50,56.9
38,JOYPURHAT,3813,AKKELPUR,60.6,53.4,44,43,16,0,49,0,8,56.9
1,BAGERHAT,138,KACHUA,57.6,56,29,22,22,0,28,0,16,56.8
13,CHANDPUR,1376,MATLAB DAKSHIN,56.9,56.6,48,50,10,0,52,0,39,56.7
75,NOAKHALI,7580,SENBAGH,56.3,57,55,57,14,59,61,122,23,56.7
35,GOPALGANJ,3591,TUNGIPARA,57.2,56,46,34,18,41,27,14,10,56.6
69,NATORE,6909,BAGATIPARA,59.7,53.5,45,46,16,0,21,0,13,56.5
87,SATKHIRA,8782,SATKHIRA SADAR,59.8,53.2,41,47,23,24,41,166,27,56.5
33,GAZIPUR,3336,KAPASIA,56.2,56.4,31,37,14,0,33,0,21,56.3
1,BAGERHAT,114,CHITALMARI,57.5,54.9,30,29,35,0,29,0,25,56.2
59,MUNSHIGANJ,5944,LOHAJANG,56.1,56.3,48,26,24,0,47,0,42,56.2
13,CHANDPUR,1322,CHANDPUR SADAR,55.4,56.8,51,63,13,31,56,105,25,56.1
6,BARISAL,669,MULADI,56.1,55.9,52,52,33,0,34,0,25,56
47,KHULNA,4717,DACOPE,55.52,42.4,38,29,24,23,23,10,12,56
56,MANIKGANJ,5646,MANIKGANJ SADAR,58.8,53.4,46,48,20,40,60,80,34,56
19,COMILLA,1974,MANOHARGANJ,54,57.4,78,56,23,0,58,0,17,55.9
91,SYLHET,9138,GOLAPGANJ,57,58.2,59,31,14,0,41,0,35,55.9
29,FARIDPUR,2947,FARIDPUR SADAR,58,53.7,56,70,17,27,41,103,30,55.8
68,NARSINGDI,6876,SHIBPUR,55.9,55.5,43,55,49,0,40,73,26,55.7
69,NATORE,6963,NATORE SADAR,58.4,52.9,46,52,14,36,13,147,27,55.6
82,RAJBARI,8207,BALIAKANDI,57.1,53.8,52,58,33,0,32,0,19,55.5
93,TANGAIL,9366,MIRZAPUR,59.2,52.2,45,60,15,0,46,48,34,55.5
19,COMILLA,1933,COMILLA SADAR,56.1,54.8,77,150,200,31,56,20,16,55.4
65,NARAIL,6528,KALIA,57,53.6,49,46,20,0,37,0,24,55.3
41,JESSORE,4123,JHIKARGACHHA,59.4,51,33,33,20,0,23,0,16,55.2
59,MUNSHIGANJ,5956,MUNSHIGANJ SADAR,56,54.2,63,108,14,30,39,66,35,55.2
15,CHITTAGONG,1553,MIRSHARAI,57.1,53.3,47,54,30,0,51,0,35,55.1
76,PABNA,7639,ISHWARDI,54.6,55.3,48,58,28,53,41,154,29,55
15,CHITTAGONG,1565,PATENGA,57.3,52.5,108,43,84,20,27,30,16,54.9
47,KHULNA,4712,BATIAGHATA,46.6,49,30,34,18,0,51,0,15,54.9
58,MAULVIBAZAR,5874,MAULVIBAZAR SADAR,56.4,53.5,48,55,31,21,45,105,40,54.9
59,MUNSHIGANJ,5974,SERAJDIKHAN,54.9,54.9,39,50,23,0,45,0,34,54.9
29,FARIDPUR,2903,ALFADANGA,55.4,54.4,56,56,19,0,40,0,23,54.8
33,GAZIPUR,3386,SREEPUR,57.6,51.8,95,45,35,0,41,0,13,54.8
67,NARAYANGANJ,6768,RUPGANJ,57.5,51.9,73,74,20,0,29,0,27,54.8
87,SATKHIRA,8725,DEBHATA,58.8,50.9,68,53,9,0,31,0,14,54.8
19,COMILLA,1915,BRAHMAN PARA,56.2,53.5,57,60,28,37,48,0,16,54.7
27,DINAJPUR,2747,HAKIMPUR,59.2,50.1,33,38,23,33,22,0,19,54.7
10,BOGRA,1006,ADAMDIGHI,57.9,51.3,36,40,23,46,36,16,80,54.6
38,JOYPURHAT,3874,PANCHBIBI,58.1,51,66,107,87,57,27,53,12,54.6
67,NARAYANGANJ,6704,SONARGAON,56.7,52.5,53,66,17,0,67,0,20,54.6
73,NILPHAMARI,7385,SAIDPUR,57.4,51.6,37,55,36,35,27,0,37,54.6
56,MANIKGANJ,5622,GHIOR,58.4,50.8,51,54,15,0,36,21,12,54.5
13,CHANDPUR,1379,MATLAB UTTAR,55.8,53.1,45,34,9,0,58,0,13,54.4
47,KHULNA,4740,DIGHALIA,59.2,50.64,46,88,13,20,37,0,26,54.3
91,SYLHET,9131,DAKSHIN SURMA,56,57.7,42,68,19,0,42,0,40,54.3
27,DINAJPUR,2777,PARBATIPUR,56.5,51.2,31,51,33,0,22,0,20,53.9
50,KUSHTIA,5079,KUSHTIA SADAR,56.2,51.5,102,70,12,29,35,193,26,53.9
57,MEHERPUR,5787,MEHERPUR SADAR,51.7,56.2,47,55,38,32,39,86,14,53.9
13,CHANDPUR,1358,KACHUA,53.1,54.4,50,53,11,68,61,0,29,53.8
41,JESSORE,4111,CHAUGACHHA,56,51.4,80,39,19,0,25,0,16,53.7
41,JESSORE,4161,MANIRAMPUR,56.8,50.6,35,30,24,29,31,0,13,53.7
15,CHITTAGONG,1518,CHANDANAISH,54.2,53,65,54,12,0,50,109,19,53.6
38,JOYPURHAT,3861,KHETLAL,57.7,49.2,38,46,17,0,26,0,18,53.5
64,NAOGAON,6460,NAOGAON SADAR,57.1,49.8,46,58,22,25,32,126,17,53.5
12,BRAHMANBARIA,1233,BRAHMANBARIA SADAR,53.6,53.3,77,73,34,36,25,14,30,53.4
56,MANIKGANJ,5678,SHIBALAYA,57.4,49.2,51,43,4,51,46,0,25,53.3
94,THAKURGAON,9494,THAKURGAON SADAR,57.6,48.9,53,48,42,45,21,160,14,53.3
77,PANCHAGARH,7773,PANCHAGARH SADAR,56.2,50.2,43,48,22,24,24,96,23,53.2
41,JESSORE,4147,JESSORE SADAR,55.3,50.9,46,47,14,0,32,0,18,53
19,COMILLA,1972,LAKSAM,52.6,53.1,59,67,38,0,40,58,14,52.9
27,DINAJPUR,2730,CHIRIRBANDAR,56.2,49.5,41,32,25,0,22,0,18,52.9
4,BARGUNA,409,AMTALI,54.9,50.8,32,26,12,0,29,0,25,52.8
41,JESSORE,4109,BAGHER PARA,54.7,51,38,62,16,0,27,0,11,52.8
47,KHULNA,4764,PAIKGACHHA,53.93,37.33,38,29,20,59,42,0,14,52.8
12,BRAHMANBARIA,1202,AKHAURA,53,52.5,81,56,20,63,48,0,42,52.7
15,CHITTAGONG,1582,SATKANIA,53.2,52.3,55,59,22,0,49,70,45,52.7
27,DINAJPUR,2721,BOCHAGANJ,57.7,47.4,16,14,37,0,20,0,14,52.6
27,DINAJPUR,2738,FULBARI,54.6,50.5,43,40,19,0,34,79,17,52.6
47,KHULNA,4730,DUMURIA,41.91,55.04,35,35,24,29,29,0,12,52.6
29,FARIDPUR,2956,MADHUKHALI,54.2,50.7,53,54,18,26,31,76,25,52.5
35,GOPALGANJ,3558,MUKSUDPUR,54.8,50.5,48,34,24,0,45,0,35,52.5
64,NAOGAON,6475,PATNITALA,54.5,50.5,33,30,56,0,44,96,14,52.5
86,SHARIATPUR,8625,DAMUDYA,53.3,51.7,69,71,29,0,54,0,44,52.5
55,MAGURA,5557,MAGURA SADAR,54.7,50.2,37,43,20,58,36,51,12,52.4
58,MAULVIBAZAR,5814,BARLEKHA,53.1,51.8,51,53,19,0,51,0,41,52.4
58,MAULVIBAZAR,5835,JURI,54.3,50.5,50,45,51,0,67,0,69,52.3
10,BOGRA,1054,KAHALOO,54.9,49.2,39,34,24,0,23,0,0,52.1
19,COMILLA,1909,BARURA,51.1,52.9,48,60,24,45,63,91,50,52.1
57,MEHERPUR,5747,GANGNI,54.9,49.3,42,63,30,0,27,0,15,52.1
44,JHENAIDAH,4433,KALIGANJ,54.5,49.5,42,40,40,0,29,0,21,52
49,KURIGRAM,4977,RAJARHAT,56.5,47.9,40,54,24,31,24,0,9,52
78,PATUAKHALI,7866,KALA PARA,52.6,51.5,44,68,19,0,29,0,31,52
15,CHITTAGONG,1504,ANOWARA,54.6,49.5,95,64,17,0,47,0,37,51.9
51,LAKSHMIPUR,5143,LAKSHMIPUR SADAR,51.2,52.5,58,50,9,33,48,117,34,51.9
58,MAULVIBAZAR,5865,KULAURA,52.5,51.3,32,43,30,0,28,0,30,51.9
48,KISHORGONJ,4879,PAKUNDIA,5.03,53.1,80,72,24,0,30,0,23,51.8
55,MAGURA,5595,SREEPUR,54.2,49.5,27,41,15,0,30,0,19,51.8
86,SHARIATPUR,8665,NARIA,51.7,51.8,75,47,24,0,55,68,24,51.8
87,SATKHIRA,8747,KALIGANJ,55.4,48.2,40,42,20,0,33,0,19,51.8
10,BOGRA,1040,GABTALI,55.6,47.9,45,66,37,0,25,20,29,51.7
61,MYMENSINGH,6152,MYMENSINGH SADAR,53.9,49.6,71,84,21,45,30,108,32,51.7
75,NOAKHALI,7587,NOAKHALI SADAR,53.6,50,60,77,13,37,59,148,39,51.7
27,DINAJPUR,2710,BIRAMPUR,54.1,49.2,44,36,7,20,25,0,19,51.6
30,FENI,3094,SONAGAZI,52.8,50.5,96,72,40,0,57,23,48,51.6
88,SIRAJGANJ,8894,ULLAH PARA,55.2,48.1,46,58,20,0,36,107,15,51.6
15,CHITTAGONG,1578,SANDWIP,50.7,52.1,9,24,76,85,96,70,59,51.5
15,CHITTAGONG,1533,FATIKCHHARI,52.8,50,90,72,17,0,70,0,54,51.4
76,PABNA,7655,PABNA SADAR,51.7,51.2,51,72,12,52,37,99,29,51.4
27,DINAJPUR,2756,KAHAROLE,56.4,46.3,39,29,18,0,22,0,14,51.3
75,NOAKHALI,7521,COMPANIGANJ,51.5,51.2,71,74,27,52,36,106,17,51.3
81,RAJSHAHI,8153,MOHANPUR,55.3,47.2,39,43,15,20,20,0,0,51.3
12,BRAHMANBARIA,1204,ASHUGANJ,52,50.4,99,76,22,0,71,0,20,51.2
19,COMILLA,1987,NANGALKOT,49.7,52.4,52,57,14,0,57,0,57,51.2
82,RAJBARI,8247,KALUKHALI,52.5,49.9,50,58,29,96,35,0,16,51.2
86,SHARIATPUR,8669,SHARIATPUR SADAR,53,49.5,63,48,13,41,60,75,15,51.2
51,LAKSHMIPUR,5173,RAMGATI,50.9,51.3,56,55,20,0,49,90,36,51.1
54,MADARIPUR,5454,MADARIPUR SADAR,53.9,48.4,67,59,32,51,46,36,23,51.1
19,COMILLA,1927,CHANDINA,51.5,50.6,61,56,2,0,58,0,20,51
77,PANCHAGARH,7725,BODA,55,48.6,47,38,33,0,18,0,23,51
68,NARSINGDI,6860,NARSINGDI SADAR,52.5,49.1,82,101,25,35,42,165,24,50.9
87,SATKHIRA,8743,KALAROA,53.6,48.4,41,51,20,0,18,54,15,50.9
87,SATKHIRA,8790,TALA,55.3,46.5,36,36,24,31,17,23,17,50.9
26,DHAKA,2614,DHAMRAI,55.1,46.5,44,60,0,13,53,26,26,50.8
12,BRAHMANBARIA,1263,KASBA,50.5,50.8,6,62,20,33,45,0,36,50.7
19,COMILLA,1936,DAUDKANDI,52.2,49.3,79,56,21,40,56,35,21,50.7
36,HABIGANJ,3644,HABIGANJ SADAR,52.9,48.5,84,74,24,37,58,184,34,50.7
69,NATORE,6944,LALPUR,50.9,50.3,25,15,20,0,27,9,12,50.6
44,JHENAIDAH,4442,KOTCHANDPUR,52.7,48.2,42,44,44,0,33,41,18,50.4
47,KHULNA,4753,KOYRA,53.17,35.99,49,32,48,0,31,0,15,50.4
93,TANGAIL,9309,BASAIL,53.7,47.6,60,40,12,33,39,0,16,50.4
81,RAJSHAHI,8172,PABA,51.8,48.8,45,60,35,0,0,40,0,50.3
91,SYLHET,9108,BALAGANJ,51.2,49.3,13,62,23,0,42,0,38,50.2
64,NAOGAON,6428,DHAMOIRHAT,51.6,48.6,29,50,23,0,27,0,6,50.1
1,BAGERHAT,156,MOLLAHAT,50.7,49.3,44,31,18,0,41,0,32,50
69,NATORE,6915,BARAIGRAM,51.6,48.5,53,57,19,0,33,0,17,50
93,TANGAIL,9323,DELDUAR,58.5,51.7,47,52,44,28,48,0,20,50
68,NARSINGDI,6852,MANOHARDI,49.7,50.2,36,48,24,0,33,0,41,49.9
38,JOYPURHAT,3858,KALAI,54.7,45.1,50,42,24,0,26,0,13,49.8
41,JESSORE,4190,SHARSHA,51.6,48,78,94,17,0,36,0,8,49.8
64,NAOGAON,6450,MAHADEBPUR,52.8,46.8,44,43,19,0,27,35,10,49.8
87,SATKHIRA,8704,ASSASUNI,54.9,44.8,46,42,14,0,29,0,18,49.8
91,SYLHET,9135,FENCHUGANJ,50.5,51.2,61,11,44,0,39,0,59,49.8
81,RAJSHAHI,8110,BAGHA,51.9,47.4,47,60,17,0,0,14,0,49.6
81,RAJSHAHI,8182,PUTHIA,52.2,46.9,105,48,16,0,0,18,0,49.6
64,NAOGAON,6406,BADALGACHHI,52.6,46.5,37,28,29,0,25,47,9,49.5
3,BANDARBAN,314,BANDARBAN Sadar,54.4,43.2,36,29,41,17,21,50,0,49.3
61,MYMENSINGH,6122,GAFFARGAON,49.1,49.4,70,52,24,65,35,63,36,49.3
15,CHITTAGONG,1547,LOHAGARA,49.9,48.6,50,42,17,0,73,0,39,49.2
22,COX'S BAZAR,2224,COX'S BAZAR,50.4,47.9,61,81,40,12,78,46,30,49.2
61,MYMENSINGH,6113,BHALUKA,52,46.2,54,69,14,0,38,0,39,49.1
54,MADARIPUR,5440,KALKINI,51,47.2,79,48,16,0,34,0,41,49
55,MAGURA,5585,SHALIKHA,51.8,46.2,43,42,24,0,33,0,17,49
75,NOAKHALI,7547,KABIRHAT,48.8,49.2,125,117,70,0,57,148,22,49
15,CHITTAGONG,1570,RANGUNIA,48.7,49.1,48,46,99,0,44,0,18,48.9
48,KISHORGONJ,4849,KISHOREGANJ  SADAR,49.6,48.3,67,73,39,34,39,184,49,48.9
19,COMILLA,1981,MURADNAGAR,50,47.8,73,68,12,40,54,0,23,48.8
81,RAJSHAHI,8194,TANORE,51.1,46.7,105,69,31,0,0,17,0,48.8
50,KUSHTIA,5015,BHERAMARA,48.7,48.7,62,100,31,0,40,0,29,48.7
78,PATUAKHALI,7852,DASHMINA,52.6,45.1,58,43,8,0,15,0,11,48.7
6,BARISAL,662,MHENDIGANJ,46.4,50.6,81,65,15,0,39,0,30,48.6
58,MAULVIBAZAR,5856,KAMALGANJ,51.4,45.9,44,44,35,0,68,0,68,48.6
58,MAULVIBAZAR,5880,RAJNAGAR,49.1,48.2,68,43,88,0,59,0,25,48.6
87,SATKHIRA,8786,SHYAMNAGAR,53.8,43.9,47,55,11,0,32,0,25,48.6
47,KHULNA,4794,TEROKHADA,48.12,41.8,42,37,12,0,33,0,15,48.5
68,NARSINGDI,6807,BELABO,49.5,47.5,55,47,130,0,32,0,28,48.5
56,MANIKGANJ,5628,HARIRAMPUR,49.7,47.2,57,26,11,48,60,0,50,48.4
58,MAULVIBAZAR,5883,SREEMANGAL,51.7,45,50,59,20,45,53,146,20,48.3
73,NILPHAMARI,7315,DOMAR,51.4,45.2,47,46,23,34,40,88,19,48.3
82,RAJBARI,8273,PANGSHA,49.6,47,54,44,29,0,22,0,29,48.3
12,BRAHMANBARIA,1213,BIJOYNAGAR,48.4,48,65,60,43,0,53,0,46,48.2
54,MADARIPUR,5480,RAJOIR,50.9,45.6,64,58,26,0,63,0,39,48.2
81,RAJSHAHI,8131,DURGAPUR,52.2,44.3,46,52,13,0,0,33,0,48.2
13,CHANDPUR,1347,HAIM CHAR,48.1,48.2,48,63,24,44,64,0,40,48.1
27,DINAJPUR,2712,BIRGANJ,51.8,44.3,47,43,20,57,24,0,18,48.1
88,SIRAJGANJ,8878,SIRAJGANJ SADAR,50.1,45.8,53,65,20,32,41,68,18,48
9,BHOLA,921,BURHANUDDIN,49.2,46.7,50,51,23,0,30,0,23,47.9
64,NAOGAON,6479,PORSHA,49.2,46.3,40,38,33,0,20,0,17,47.8
94,THAKURGAON,9482,PIRGANJ,52.4,43.2,43,41,32,36,15,31,8,47.8
55,MAGURA,5566,MOHAMMADPUR,49.2,46.3,44,51,9,0,36,0,18,47.7
77,PANCHAGARH,7734,DEBIGANJ,51.1,44.3,68,56,32,61,25,0,24,47.7
81,RAJSHAHI,8125,CHARGHAT,50,45.4,49,55,42,34,34,0,0,47.7
84,RANGAMATI,8475,NANIARCHAR,55.3,39.6,22,15,17,0,39,0,25,47.7
18,CHUADANGA,1823,CHUADANGA SADAR,48.8,46.5,100,133,18,41,41,57,23,47.6
22,COX'S BAZAR ,2216,CHAKARIA,47.9,47.4,87,154,17,104,45,0,21,47.6
32,GAIBANDHA,3267,PALASHBARI,51.4,44,55,53,8,0,27,91,13,47.6
10,BOGRA,1067,NANDIGRAM,51.7,43.4,38,41,19,0,30,0,0,47.5
27,DINAJPUR,2760,KHANSAMA,50.7,44.3,51,41,20,0,19,0,15,47.5
32,GAIBANDHA,3224,GAIBANDHA SADAR,50.8,44.4,49,52,15,30,25,243,13,47.5
52,LALMONIRHAT,5255,LALMONIRHAT SADAR,51.4,43.4,44,46,36,23,29,62,17,47.4
27,DINAJPUR,2717,BIRAL,50.7,43.9,41,32,28,0,30,0,12,47.3
29,FARIDPUR,2918,BOALMARI,48.1,46.6,53,46,13,35,39,58,18,47.3
56,MANIKGANJ,5670,SATURIA,52.1,42.7,62,39,17,0,66,17,90,47.3
77,PANCHAGARH,7790,TENTULIA,49.9,44.7,52,47,18,0,30,0,12,47.3
44,JHENAIDAH,4480,SHAILKUPA,49.7,44.7,53,62,62,0,35,52,15,47.2
70,NAWABGANJ,7018,BHOLAHAT,45.7,48.5,60,43,34,0,25,0,8,47.2
29,FARIDPUR,2910,BHANGA,48.4,45.8,69,34,13,0,43,0,34,47
39,JAMALPUR,3936,JAMALPUR SADAR,42.6,36.7,65,107,37,36,36,84,12,47
91,SYLHET,9194,ZAKIGANJ,49.4,51.9,66,53,25,43,47,33,41,47
29,FARIDPUR,2962,NAGARKANDA,48.3,45.3,66,89,15,0,55,0,30,46.8
84,RANGAMATI,8447,JURAI CHHARI,58.6,32.9,21,13,0,94,33,0,0,46.8
94,THAKURGAON,9486,RANISANKAIL,50.2,42.9,41,39,23,53,25,0,10,46.6
64,NAOGAON,6447,MANDA,51.5,41.2,50,48,8,0,25,0,18,46.3
70,NAWABGANJ,7066,CHAPAI SADAR,44.8,47.7,45,54,19,32,35,94,18,46.3
81,RAJSHAHI,8112,BAGHMARA,52.2,40.5,46,42,4,44,44,14,0,46.3
81,RAJSHAHI,8134,GODAGARI,46,46.6,49,54,14,0,0,26,0,46.3
46,KHAGRACHHARI,4643,DIGHINALA,52.9,39.1,38,28,20,78,78,0,61,46.2
56,MANIKGANJ,5682,SINGAIR,48.3,44.2,55,80,27,0,58,0,25,46.2
88,SIRAJGANJ,8844,KAMARKHANDA,48.9,43.7,43,42,18,0,48,0,14,46.2
18,CHUADANGA,1855,JIBAN NAGAR,46.8,45.5,42,63,21,0,27,0,22,46.1
49,KURIGRAM,4952,KURIGRAM SADAR,50.3,42.1,49,44,12,43,26,58,32,46.1
52,LALMONIRHAT,5270,PATGRAM,48.4,43.8,66,57,19,36,44,58,18,46.1
27,DINAJPUR,2743,GHORAGHAT,48.4,43.6,50,37,16,0,34,0,10,46
52,LALMONIRHAT,5239,KALIGANJ,48.9,43.1,41,57,31,37,35,0,21,46
64,NAOGAON,6485,RANINAGAR,50.1,42.1,42,39,31,0,26,0,15,46
72,NETRAKONA,7274,NETROKONA SADAR,48.2,43.7,44,48,30,29,47,62,18,46
85,RANGPUR,8558,MITHA PUKUR,48.2,44,71,51,19,0,19,0,13,46
18,CHUADANGA,1807,ALAMDANGA,47.1,44.3,56,75,14,0,39,0,10,45.7
73,NILPHAMARI,7364,NILPHAMARI SADAR,49.4,42.1,55,66,30,31,22,165,10,45.7
88,SIRAJGANJ,8811,BELKUCHI,48.2,43.1,60,58,29,0,60,0,23,45.7
93,TANGAIL,9338,GOPALPUR,47.9,43.6,39,42,38,0,34,0,28,45.7
49,KURIGRAM,4994,ULIPUR,49.5,42.1,50,42,25,68,33,25,11,45.6
76,PABNA,7622,CHATMOHAR,47.1,44.1,45,47,14,0,33,0,18,45.6
70,NAWABGANJ,7056,NACHOLE,44.9,46,46,44,25,0,26,0,13,45.5
64,NAOGAON,6403,ATRAI,49.9,41,42,30,32,0,27,0,18,45.4
78,PATUAKHALI,7857,GALACHIPA,47.2,43.7,60,48,0,0,11,0,14,45.4
85,RANGPUR,8576,PIRGANJ,47.7,43.1,94,49,34,29,18,0,13,45.4
50,KUSHTIA,5071,KUMARKHALI,46.8,43.8,54,53,25,0,36,0,15,45.3
52,LALMONIRHAT,5233,HATIBANDHA,48.2,42.4,47,54,21,0,28,0,13,45.3
9,BHOLA,918,BHOLA Sadar,45,45.4,130,115,18,37,33,89,8,45.2
52,LALMONIRHAT,5202,ADITMARI,48.6,41.6,57,58,12,0,26,0,14,45.1
91,SYLHET,9120,BISHWANATH,46.96,48.7,64,56,27,0,29,0,45,45.1
46,KHAGRACHHARI,4680,RAMGARH,49.9,39.8,35,19,19,43,43,70,0,44.9
44,JHENAIDAH,4471,MAHESHPUR,45.7,43.8,65,50,50,0,50,28,17,44.8
49,KURIGRAM,4918,PHULBARI,50,39.8,48,41,19,0,12,0,6,44.8
50,KUSHTIA,5063,KHOKSA,47.2,42.2,40,44,22,0,30,0,17,44.7
64,NAOGAON,6469,NIAMATPUR,46.5,42.9,45,42,23,0,36,0,13,44.7
19,COMILLA,1975,MEGHNA,48.2,41,56,55,13,0,53,0,36,44.6
39,JAMALPUR,3985,SARISHABARI,42.9,35.3,39,45,25,0,39,0,19,44.6
48,KISHORGONJ,4854,KULIAR CHAR,45.6,43.8,84,73,28,0,18,0,18,44.6
85,RANGPUR,8573,PIRGACHHA,48.1,41.3,79,60,17,0,27,0,18,44.6
84,RANGAMATI,8421,BARKAL,54.2,33,28,17,0,0,33,0,0,44.5
46,KHAGRACHHARI,4665,MAHALCHHARI,50.9,37.4,61,21,13,0,0,0,26,44.4
86,SHARIATPUR,8694,ZANJIRA,45.5,43.3,50,60,15,0,58,0,20,44.4
18,CHUADANGA,1831,DAMURHUDA,44.7,43.6,50,19,17,0,23,66,43,44.2
46,KHAGRACHHARI,4670,MATIRANGA,49,39.3,39,46,20,0,0,0,27,44.2
84,RANGAMATI,8425,KAWKHALI (BETBUNIA),49.6,38.6,37,29,24,0,39,0,10,44.2
84,RANGAMATI,8458,LANGADU,49.2,38.8,41,37,18,30,60,0,28,44.2
84,RANGAMATI,8478,RAJASTHALI,50.7,37.2,32,15,9,12,55,0,16,44.2
10,BOGRA,1094,SHIBGANJ,47.9,40.2,53,80,17,0,25,16,0,44.1
32,GAIBANDHA,3282,SADULLAPUR,47,41.3,51,48,35,0,33,0,41,44.1
76,PABNA,7619,BHANGURA,46.3,41.7,42,43,25,0,38,0,25,44
93,TANGAIL,9325,DHANBARI,45.9,42.2,46,43,24,0,47,0,21,44
93,TANGAIL,9328,GHATAIL,47.6,40.6,47,52,40,0,36,0,36,44
76,PABNA,7672,SANTHIA,45.3,42.5,37,39,14,0,53,0,23,43.9
85,RANGPUR,8592,TARAGANJ,46.4,41.1,44,41,14,0,27,0,20,43.8
93,TANGAIL,9319,BHUAPUR,46.6,41.2,44,51,33,0,38,0,21,43.8
76,PABNA,7605,ATGHARIA,43.7,43.6,44,79,22,0,32,0,6,43.7
12,BRAHMANBARIA,1285,NABINAGAR,42.8,44.3,85,76,17,0,67,87,48,43.6
61,MYMENSINGH,6123,GAURIPUR,45.5,41.8,59,58,21,43,20,71,30,43.6
9,BHOLA,925,CHAR FASSON,43.1,43.8,49,55,16,0,68,0,22,43.5
54,MADARIPUR,5487,SHIB CHAR,44.6,42.4,53,50,18,0,44,83,19,43.5
61,MYMENSINGH,6165,MUKTAGACHHA,45,42,70,93,12,0,44,25,17,43.5
94,THAKURGAON,9408,BALIADANGI,48.9,37.7,57,30,19,0,24,0,26,43.4
10,BOGRA,1095,SONATOLA,47.4,39.1,46,43,14,0,46,0,47,43.2
29,FARIDPUR,2984,SADARPUR,43.8,42.6,58,45,15,56,44,24,24,43.2
85,RANGPUR,8527,GANGACHARA,46.3,40,46,56,24,0,33,0,13,43.2
10,BOGRA,1088,SHERPUR,47,39.1,46,65,25,0,36,39,0,43
19,COMILLA,1994,TITAS,44.3,42,82,52,20,0,72,0,31,43
85,RANGPUR,8503,BADARGANJ,45,41,51,52,17,0,28,0,18,43
89,SHERPUR,8967,NAKLA,44.7,41.5,62,51,29,0,44,0,26,43
9,BHOLA,991,TAZUMUDDIN,44.6,41.1,45,51,17,52,28,0,12,42.9
69,NATORE,6991,SINGRA,46.3,39.6,77,73,17,12,26,98,38,42.9
93,TANGAIL,9347,KALIHATI,46.1,39.8,48,50,29,0,46,0,27,42.9
27,DINAJPUR,2769,NAWABGANJ,44.9,40.7,48,45,19,0,18,0,18,42.8
72,NETRAKONA,7283,PURBADHALA,43.9,41.7,62,58,19,0,33,0,12,42.8
48,KISHORGONJ,4811,BHAIRAB,43.4,42.2,48,71,37,0,51,29,20,42.7
86,SHARIATPUR,8614,BHEDARGANJ,42.7,42.7,70,75,23,0,64,0,35,42.7
93,TANGAIL,9376,NAGARPUR,46.3,39.6,52,71,16,0,36,35,18,42.7
32,GAIBANDHA,3230,GOBINDAGANJ,45.8,39.5,48,52,10,0,28,0,21,42.6
76,PABNA,7633,FARIDPUR,44.3,40.8,31,37,18,0,37,0,8,42.5
44,JHENAIDAH,4414,HARINAKUNDA,42.9,41.7,39,42,42,42,31,14,11,42.3
46,KHAGRACHHARI,4677,PANCHHARI,48.7,35.7,27,24,14,0,0,0,33,42.3
61,MYMENSINGH,6120,FULBARIA,43.6,41.1,67,68,68,0,29,0,22,42.3
64,NAOGAON,6486,SAPAHAR,43.1,41.2,46,47,17,64,21,74,21,42.2
73,NILPHAMARI,7312,DIMLA,44.7,39.7,55,54,26,38,29,0,21,42.2
72,NETRAKONA,7263,MOHANGANJ,43.4,40.8,53,54,10,40,57,0,26,42.1
86,SHARIATPUR,8636,GOSAIRHAT,43,41.3,42,47,6,0,28,0,37,42.1
94,THAKURGAON,9451,HARIPUR,45,39.2,53,42,13,0,20,0,5,42.1
50,KUSHTIA,5094,MIRPUR,42.6,41.2,55,62,17,22,44,47,14,41.9
69,NATORE,6941,GURUDASPUR,44.7,39.2,78,39,17,0,26,0,10,41.9
76,PABNA,7683,SUJANAGAR,43.8,40.1,51,69,26,0,39,0,16,41.9
84,RANGAMATI,8407,BAGHAICHHARI,49.1,33.9,44,22,26,0,65,0,32,41.9
85,RANGPUR,8542,KAUNIA,44.8,39,43,72,17,0,35,0,15,41.9
48,KISHORGONJ,4827,HOSSAINPUR,40.9,41.8,62,100,15,0,54,0,33,41.8
9,BHOLA,929,DAULAT KHAN,41.7,41.6,54,57,11,63,40,0,23,41.6
91,SYLHET,9159,KANAIGHAT,43.5,45.8,71,53,27,48,42,0,10,41.4
50,KUSHTIA,5039,DAULATPUR,42.9,39.7,38,40,31,0,31,0,45.51,41.3
48,KISHORGONJ,4806,BAJITPUR,39.8,42.6,62,47,18,0,67,0,23,41.2
70,NAWABGANJ,7037,GOMASTAPUR,40,42.4,55,66,32,41,28,0,17,41.2
76,PABNA,7616,BERA,44.2,38.3,74,65,16,0,54,0,24,41.2
93,TANGAIL,9357,MADHUPUR,42.7,39.7,48,57,23,0,46,0,52,41.2
93,TANGAIL,9385,SAKHIPUR,44.4,38.1,46,49,25,0,36,0,19,41.1
36,HABIGANJ,3677,NABIGANJ,41.7,40.4,77,38,25,0,48,0,30,41
61,MYMENSINGH,6131,ISHWARGANJ,42.5,39.5,86,58,14,0,44,0,27,41
67,NARAYANGANJ,6702,ARAIHAZAR,42.1,39.8,72,38,43,0,60,84,23,41
12,BRAHMANBARIA,1294,SARAIL,42.1,39.8,84,94,9,43,48,0,29,40.9
6,BARISAL,636,HIZLA,39.2,42.4,82,81,19,0,35,0,40,40.8
36,HABIGANJ,3626,CHUNARUGHAT,43.3,38.4,50,49,17,29,52,81,48,40.8
46,KHAGRACHHARI,4667,MANIKCHHARI,44.1,37.3,56,44,19,61,61,0,25,40.7
32,GAIBANDHA,3288,SAGHATA,45,36.4,72,48,15,0,31,0,12,40.6
32,GAIBANDHA,3291,SUNDARGANJ,44.3,37.1,58,67,53,21,11,0,16,40.6
48,KISHORGONJ,4845,KATIADI,40.6,40.6,50,43,34,0,51,0,46,40.6
29,FARIDPUR,2921,CHAR BHADRASAN,40.2,40.8,64,85,46,23,27,37,0,40.5
68,NARSINGDI,6864,ROYPURA,40.9,40.1,69,87,29,0,62,0,30,40.5
61,MYMENSINGH,6172,NANDAIL,40.6,40.1,71,72,15,46,53,0,75,40.4
82,RAJBARI,8229,GOALANDA,42.6,38.2,60,55,26,26,51,0,21,40.3
9,BHOLA,954,LALMOHAN,41.3,38.8,55,57,35,0,22,23,13,40
61,MYMENSINGH,6194,TRISHAL,40.8,39.3,60,65,54,0,35,0,22,40
90,SUNAMGANJ,9047,JAGANNATHPUR,41.6,38.2,82,55,20,89,57,0,45,39.9
36,HABIGANJ,3605,BAHUBAL,41.2,38.4,53,53,14,0,51,0,44,39.8
36,HABIGANJ,3671,MADHABPUR,42.2,37.4,61,55,19,46,84,0,48,39.8
10,BOGRA,1033,DHUPCHANCHIA,43.4,35.8,41,40,19,30,40,40,27,39.7
19,COMILLA,1954,HOMNA,41.9,37.6,58,67,12,53,6,0,46,39.7
49,KURIGRAM,4909,CHILMARI,42.8,36.9,36,62,17,0,29,0,16,39.7
49,KURIGRAM,4906,BHURUNGAMARI,43.1,36.2,48,69,15,0,24,0,17,39.6
72,NETRAKONA,7218,DURGAPUR,40.3,38.7,81,69,20,39,35,0,39,39.5
70,NAWABGANJ,7088,SHIBGANJ,38,40.8,51,65,17,37,27,13,7,39.4
51,LAKSHMIPUR,5165,RAMGANJ,40.4,38.3,68,68,17,0,52,91,15,39.3
88,SIRAJGANJ,8889,TARASH,43,35.1,41,44,13,0,26,0,10,39
89,SHERPUR,8970,NALITABARI,40.5,37.5,63,60,46,0,34,0,29,39
61,MYMENSINGH,6124,HALUAGHAT,40.2,37.6,73,103,67,0,45,0,21,38.9
90,SUNAMGANJ,9089,SUNAMGANJ SADAR,41.3,36.2,60,43,16,32,35,96,21,38.8
91,SYLHET,9153,JAINTIAPUR,41.2,43.6,54,25,13,22,84,0,28,38.8
49,KURIGRAM,4961,NAGESHWARI,42.7,34.9,48,73,19,22,21,0,6,38.7
72,NETRAKONA,7204,ATPARA,40.3,37.1,49,56,21,0,36,0,12,38.7
89,SHERPUR,8937,JHENAIGATI,41.2,36.3,61,52,15,0,35,0,8,38.7
29,FARIDPUR,2990,SALTHA,38.9,38.2,93,92,18,0,46,0,17,38.6
48,KISHORGONJ,4842,KARIMGANJ,39.6,37.6,71,45,39,0,62,0,23,38.6
90,SUNAMGANJ,9023,CHHATAK,40.8,36.3,70,46,75,0,44,0,43,38.6
12,BRAHMANBARIA,1207,BANCHHARAMPUR,40.2,37.2,82,60,11,0,64,0,12,38.5
73,NILPHAMARI,7345,KISHOREGANJ,41.6,35.1,47,43,42,0,24,0,16,38.5
88,SIRAJGANJ,8867,SHAHJADPUR,41.6,35.1,60,60,20,0,41,106,16,38.4
88,SIRAJGANJ,8861,ROYGANJ,41.1,35.2,47,48,15,0,33,0,14,38.1
73,NILPHAMARI,7336,JALDHAKA,41.4,34.4,56,47,18,0,28,0,32,37.9
61,MYMENSINGH,6181,PHULPUR,38.4,36.9,111,90,11,0,28,0,43,37.7
72,NETRAKONA,7209,BARHATTA,38.4,36.7,59,42,16,0,36,0,21,37.6
72,NETRAKONA,7240,KALMAKANDA,39.1,36.1,73,113,14,41,42,0,19,37.6
88,SIRAJGANJ,8850,KAZIPUR,40.7,34.4,32,39,20,13,32,21,4,37.5
15,CHITTAGONG,1508,BANSHKHALI,38.5,36.3,66,75,28,0,62,0,33,37.4
36,HABIGANJ,3602,AJMIRIGANJ,39.5,34.7,90,49,20,0,74,0,23,37.1
90,SUNAMGANJ,9029,DERAI,38.5,35.8,44,37,31,0,55,0,39,37.1
10,BOGRA,1081,SARIAKANDI,40.6,33.4,45,62,26,36,58,0,0,36.9
89,SHERPUR,8988,SHERPUR SADAR,39.2,34.3,58,63,8,21,39,117,26,36.7
22,COX'S BAZAR,2266,RAMU,37.8,35.3,77,105,19,0,61,0,24,36.6
72,NETRAKONA,7238,KHALIAJURI,37.9,35.3,70,74,52,0,67,0,27,36.6
49,KURIGRAM,4908,CHAR RAJIBPUR,39.4,33.9,46,109,10,0,38,0,7,36.5
88,SIRAJGANJ,8827,CHAUHALI,40.6,32.5,54,57,22,0,45,0,27,36.5
22,COX'S BAZAR,2294,UKHIA,38,34.5,82,85,24,0,40,0,30,36.3
39,JAMALPUR,3961,MELANDAHA,30.5,22.5,55,59,20,60,35,39,13,35.7
48,KISHORGONJ,4892,TARAIL,36,35.4,100,102,26,0,54,0,36,35.7
10,BOGRA,1027,DHUNAT,38.3,33.1,29,32,16,0,34,46,0,35.6
22,COX'S BAZAR,2256,PEKUA,35.6,35,101,94,22,0,40,0,20,35.3
46,KHAGRACHHARI,4661,LAKSHMICHHARI,43.1,26.7,41,44,17,0,0,0,0,35.2
12,BRAHMANBARIA,1290,NASIRNAGAR,35.9,34,82,74,36,64,63,0,40,34.9
56,MANIKGANJ,5610,DAULATPUR,40.4,29.8,110,79,22,0,52,0,17,34.9
89,SHERPUR,8990,SREEBARDI,37.7,31.9,44,52,25,61,33,38,43,34.8
36,HABIGANJ,3611,BANIACHONG,35.2,34.1,96,150,18,38,64,0,41,34.7
49,KURIGRAM,4979,RAUMARI,38.3,31.1,55,64,15,0,28,0,17,34.6
90,SUNAMGANJ,9018,BISHWAMBARPUR,35.4,33.7,60,42,22,0,56,0,48,34.6
90,SUNAMGANJ,9086,SULLA,36.4,32.1,38,29,14,0,60,0,17,34.3
75,NOAKHALI,7536,HATIYA,35.6,32.9,41,52,42,29,35,53,24,34.2
3,BANDARBAN,351,LAMA,36.6,31.1,55,68,23,43,47,0,30,34
22,COX'S BAZAR,2245,KUTUBDIA,34.8,33.2,76,52,28,32,48,0,25,34
36,HABIGANJ,3668,LAKHAI,34.8,32.8,76,57,16,0,60,0,5,33.7
39,JAMALPUR,3907,BAKSHIGANJ,34.4,25.8,63,67,25,66,34,61,17,33.1
39,JAMALPUR,3958,MADARGANJ,28.2,20.9,47,52,16,100,30,36,5,33
84,RANGAMATI,8429,BELAI CHHARI,41.6,22.5,25,21,0,0,70,0,0,32.8
75,NOAKHALI,7585,SUBARNACHAR,34,31.3,70,117,31,0,50,0,27,32.7
39,JAMALPUR,3915,DEWANGANJ,30.4,22.2,37,38,28,39,58,0,29,32.5
90,SUNAMGANJ,9050,JAMALGANJ,34.6,30.2,19,43,12,0,73,0,35,32.5
90,SUNAMGANJ,9027,DAKSHIN SUNAMGANJ,33.7,30.9,97,52,17,0,51,0,26,32.3
9,BHOLA,965,MANPURA,31.9,32.2,50,131,17,0,28,0,17,32.1
48,KISHORGONJ,4802,AUSTAGRAM,34,30.1,112,73,10,0,74,0,20,32
3,BANDARBAN,304,ALIKADAM,35.2,27,56,51,14,73,26,0,0,31.3
3,BANDARBAN,373,NAIKHONGCHHARI,34.5,28,45,36,22,51,26,0,10,31.3
32,GAIBANDHA,3221,FULCHHARI,34.6,27.9,71,46,9,0,27,0,21,31.2
3,BANDARBAN,389,ROWANGCHHARI,37.7,23.6,21,11,10,152,22,0,0,31
48,KISHORGONJ,4859,MITHAMAIN,33.6,28.2,80,58,23,0,27,0,10,30.9
22,COX'S BAZAR,2249,MAHESHKHALI,30.5,31.1,103,107,21,42,72,0,18,30.8
51,LAKSHMIPUR,5133,KAMALNAGAR,32.2,29.3,79,105,15,0,63,0,39,30.7
72,NETRAKONA,7247,KENDUA,32.2,28.5,54,39,21,0,32,0,7,30.4
72,NETRAKONA,7256,MADAN,32.2,28.6,66,49,22,0,36,0,19,30.4
90,SUNAMGANJ,9033,DOWARABAZAR,31.8,29,36,84,16,0,72,0,18,30.4
90,SUNAMGANJ,9092,TAHIRPUR,33.2,27.5,82,51,24,52,52,0,15,30.4
91,SYLHET,9141,GOWAINGHAT,32.7,35,77,73,17,0,45,0,10,30.4
39,JAMALPUR,3929,ISLAMPUR,27.8,19.2,91,82,18,0,27,0,11,30.1
61,MYMENSINGH,6116,DHOBAURA,30.4,28.4,77,69,54,0,25,0,21,29.4
90,SUNAMGANJ,9032,DHARAMPASHA,30.6,27.7,58,58,20,0,60,0,12,29.2
3,BANDARBAN,391,RUMA,35.1,21.8,16,0,0,97,22,0,0,28.9
48,KISHORGONJ,4876,NIKLI,30.7,27,38,100,21,0,47,0,50,28.9
48,KISHORGONJ,4833,ITNA,26.2,29.1,120,64,30,0,59,0,21,27.7
3,BANDARBAN,395,THANCHI,33.9,19.2,29,71,0,0,63,0,0,26.9
22,COX'S BAZAR,2290,TEKNAF,29.7,23.6,109,103,266,0,55,0,11,26.7
91,SYLHET,9127,COMPANIGANJ,28.8,30.9,87,11,31,0,36,0,20,26.5
